-aĉ-;<i>(disparagement)</i>
-ad-;<i>(ongoing or habitual action)</i>
-aĵ-;<i>(concrete manifestation)</i>
-an-;<i>(member of group)</i>
-ar-;<i>(collective, group)</i>
-ĉj-;<i>(male pet name)</i>
-ebl-;<i>(possibility)</i>
-ec-;<i>(abstract name of quality)</i>
-eg-;<i>(augmentative)</i>
-ej-;<i>(place)</i>
-em-;<i>(disposition, tendency)</i>
-end-;<i>(passive obligation)</i>
-er-;<i>(small particle of whole)</i>
-estr-;<i>(leader, head)</i>
-et-;<i>(diminutive)</i>
-foj-;<i>(frequency | n-times)</i>
-id-;<i>(offspring)</i>
-ig-;<i>(causative | make, render)</i>
-iĝ-;<i>(become, get)</i>
-il-;<i>(tool, implement, means)</i>
-in-;<i>(female)</i>
-ind-;<i>(worthiness)</i>
-ing-;<i>(socket, holder)</i>
-ism-;<i>(ism, theory, behaviour)</i>
-ist-;<i>(habitual occupation)</i>
-nj-;<i>(female pet name)</i>
-obl-;<i>(multiple | n-fold)</i>
-on-;<i>(fraction | n-th)</i>
-op-;<i>(collective | n-group)</i>
-uj-;<i>(container | country)</i>
-ul-;<i>(person characterised by)</i>
-um-;<i>(ambiguous relation)</i>
(aer)letero;(airmail) letter
(aŭtomata) lavbutiko;launderette
(dom)mastrino;housewife
(dom)mastrumado;housekeeping
(dom)mastrumi;keep/ manage house
(el)montri;display
(Eŭropa) Komunumo;(European) Community
(fest)parolado;(celebration) speech
(frukto) suko;(fruit) juice
(internacia) respondkupono.....;(international) (pre-paid) reply coupon
(kiel) nomiĝas.....;known as, called
(kontraŭtusa) siropo;(cough) syrup
(krad)rosti;grill, toast
(kuirita) ŝinko.....;ham
(kun) bondeziroj;(with) best wishes
(kun) plezuro;(with) pleasure
(laŭ mia) opinio;(in my) opinion
(libera) konkurenco;(open) competition
(loka) anastezo;local anaesthetic
(longedaŭra) disko;(long playing) record
(mi) sentas (min).....;(I) feel <i>(tr)</i>
(mon)puno;fine
(nigra) tabulo ;(black)board
(pop)grupo;(pop) group
(preter)pasi;pass by, overtake
(psika) kolapso;(mental) breakdown
(sin) forpreni;remove (oneself)
(stud)programo;curriculum
(sun)baniĝi;sunbathe
(sur)porti;wear (clothing)
(tut)nova;(brand) new
(vic)prezidantino;(vice)(lady)president
(vic)prezidanto;(vice)president
(vic)prezidonto;(vice)president-elect
/u>o;boarder
abdomeno;abdomen
abituriento;certified secondary school leaver
abituro;German exam for 18-year olds (i.e. by <i>abituriento</i>)
abomeni;abhor, loathe
aboni;subscribe to (magazine, book club, season ticket, <i>etc.</i>)
aboni;subscribe
abrikoto;apricot
aĉeti;buy
acida;sour | acid
adiaŭi;bid farewell, (permanent) goodbye
adjektivo;adjective
administrado;administration
admiri;admire
admoni;exhort | tell off, admonish
adori;adore, worship
adreso;(postal) address
adverbo;adverb
aermatraco;airbed
afabla;kind, affable
aferisto;businessman
afero;matter | affair | business
afikso;affix
afiŝeto;leaflet, fly-poster
afiŝo;poster, bill
afiŝo;poster, bill
afranki;pre-pay (postage, carriage)
Afriko;Africa
aĝa;aged
agi;act
aĝo;age
agrabla;pleasant, enjoyable
agrikulturo;agriculture
ajlo;garlic
akcelilo;accelerator
akcento;accent, stress
akceptejo;registration desk, reception
akcepti;accept | receive (guests)
akcidento;accident, mishap
akiri;acquire, get
akompani;accompany
akordi;agree, be in accord
akra;sharp
aktiva;active
aktoro;actor
aktuala;topical, current
aktualaĵo;news
akurata;punctual, prompt
akuzativo;accusative
akvo;water
al;to | towards
aleo;avenue, garden walk
alergio;allergy
alia;other | another | else
alie;otherwise
aligatori;speak foreign language at E-o mtg
aliĝi;entrol, join (a society, etc)
aliĝilo;enrolment form, registration form
alilandano;foreigner
alilande;abroad
alineo;paragraph | indentation
alkoholaĵo;spirit, liquor
alkutimiĝi;become used to, accustomed to
almenaŭ;at least
Alpoj;Alps
altlernejo;college
alumeto;match
alveni;arrive
alveni;arrive
alvoko;call
amatoro;amateur | enthusiast
ambaŭ;both
ambicio;ambition
ambicio;ambition
ambulanco;ambulance | field hospital
Ameriko;America
ami;love
amikiĝi (kun);make friends (with)
amiko;friend
amplifikatoro;amplifier
ampolo;(light)bulb
amuzi;amuse
amuziĝi;be amused, entertained
ananaso;pineapple
anaso;duck
anemio;anaemia
angla;English
anglalingve;in English
Anglio;England
anglo;Englishman
angulo;angle | corner
aniĝi;join, become a member
ankaŭ;also | too
ankoraŭ;still
ankoraŭ ne;not yet
ano;member
anonci;announce
anorako;anorak
ansero;goose
anstataŭ;instead of
anstataŭigi;substitute
antaŭ;before, in front of
antaŭĝoji;look forward to
antaŭhieraŭ;day before yesterday
antaŭnomo;forename
antaŭrajto;?right of way
antaŭurbo;suburb
antenti;pay attention
antibiotiko;antibiotic
anticipi;anticipate
Antiloj;Antilles
aparta (domo);detached (house)
apartamento;flat, apartment
aparte;apart, separately | particularly
aparteni;belong
aparteni;belong
apenaŭ;scarcely | hardly
apendicito;appendicitis
apendico;appendix
aperitivo;aperitif
apetito;appetite
aplaŭdi;applaud, clap
apoteko;pharmacy, chemist's shop
aprilo;April
apud;beside, nearby
aranĝi;arrange
arbaro;wood
arbo;tree
Argentino;Argentina
arĝento;silver
aristokratio;aristocracy
aromherbo;(culinary) herb
artefarita;artificial
artefarita;artificial
artgalerio;art gallery
artiklo;article
artikolo;article
artiŝoko;(globe) artichoke
artisto;artist
arto;art
asekuro;insurance
asparago;asparagus
aspekti;look, seem
astmo;asthma
ateisto;atheist
atendejo;waiting room
atendi;wait
atenti;pay attention to
atentu!;"pay attention!"
atestanto;witness
atesti;testify, bear witness | certify, attest
atlant(ik)o;Atlantic
atletiko;athletics
atmosfero;atmosphere
aŭ;or
aŭ... aŭ;either... or
aŭdantaro;audience
aŭdi;hear
aŭditorio;auditorium
aŭgusto;August
aŭskulti;listen (to)
Aŭstralio;Australia
Aŭstrio;Austria
aŭtejo;garage
aŭto(mobilo);car
aŭtobuso;bus, coach
aŭtoĉaro;motor-coach (for excursions)
aŭtolavejo;carwash
aŭtomato;automat, automaton
aŭtomekanikisto;(car) mechanic
aŭtoparkejo;car park
aŭtoŝtopi;obstruct traffic, block traffic
aŭtovojo;motorway, expressway
aŭtuno;autumn, fall
aŭtuno;autumn, fall
avengrio;oatmeal
avenkaĉo;porridge
avenuo;avenue
averti;warn, caution
aviadilo;aircraft
avino;grandmother
avo;grandfather
avokado;avocado
Azio;Asia
B.E.A;<i>Brita Esperantista Asocio</i>= British E-o Association (limited company)
babili;chat, chatter, babble
bakalaŭro;holder of the baccalaureate
baki;bake <i>(tr)</i>
bakisto;baker
bakisto;baker
bakitaj;baked
bakujo;oven
balbuti;stammer, stutter
baldaŭ;soon
baleno;whale
baleto;ballet
balkono;balcony
balkono;balcony
balo;ball, dance
balo;ball, dance
banano;banana
banĉambro;bathroom
bandaĝo;bandage
bankedo;banquet
bankedo;banquet
banko;bank
bankostumo;bathing costume
bankuvo;bathtub
bantuko;towel
banujo;bath
barbo;beard
bariero;barrier (<i>e.g.</i> level crossing, customs, <i>etc.</i>)
barometro;barometer
basbalo;baseball
baterio;battery
bateti;whisk, beat lightly
bati;beat, strike
batilo;(<i>e.g.</i> cricket) bat
batmiksita;whipped, creamed together
bazaro;market | bazaar
bebo;baby
bedaŭri;regret | be sorry about
bedaŭrinde;unfortunately
bekfluto;recorder
bela;lovely | beautiful | handsome
Belgio;Belgium
benzinejo;petrol station
benzino;petrol, gasoline
benzinstacio;petrol station
bero;berry
bestkuracisto;vet (animal doctor)
bestoĝardeno;zoo
bezoni;need, require
bezoni;need
biblio;Bible
biblioteko;library
biciklo;bicycle
biciklo;bicycle, bike
bideo;bidet
biero;beer
bilanco;balance sheet
bildo;picture
biletejo;ticket office
bileto;ticket
biologio;biology
birdo;bird
birdo;bird
biskvito;biscuit, cracker
biskvito;biscuit, cracker
blanka;white | blank
blinda;blind
blizardo;blizzard
blonda;blond(e), fair-haired
blonda;blond(e), fair-haired
blovi;blow
blua;blue
bluzo;blouse | windcheater
bo-;<i>(in-law)</i>
boato;boat
boato;boat
boji;bark
bokalo;wide-mouthed bottle, jar | goldfish bowl
bokso;boxing
boligi;boil (something)
bombono;sweet, bonbon, candy
bona;good
bonan apetiton;"bon apetit!"
bonan matenon;"good morning"
bonan nokton;"good night"
bonan tagon;"good day"
bonan vesperon;"good evening"
bonan vojaĝon;"bon voyage!"
bone;well
bongusta;delicious, nice, tasty, savoury
bonŝancon.....;"good luck!"
bonvena;welcome
bonvenigi;welcome (someone)
bonvolu;please
boparencoj;in-laws
botanika ĝardeno;botanical garden
botelo;bottle
botelo;bottle
bovaĵfritbulo;beefburger
bovaĵo;beef
bovo;bullock
brakhorloĝo;wristwatch
brako;arm
brakseĝo;armchair
brancerealoj;bran cereals
brando;brandy, schnapps | spirits
branflokoj;bran flakes
brano;bran
branpano;wholemeal bread
Brazilio;Brasilia
Brazilo;Brazil
bremso;brake
bretaro;shelves, shelving
breto;shelf
brezi;braise
briko;brick
brili;shine <i>(intr)</i>
brita;British
Britio;Britain
brizo;breeze
bronkito;bronchitis
brosi;brush
broso;brush
broŝuro;brochure, pamphlet, leaflet
brovo;(eye)brow
bruli;burn <i>(intr)</i>
brulvundo;burn (injury)
brumo;mist
bruna;brown
bruo;noise
bruselbrasiketo;brussels sprouts
brusto;chest, breast
buĉisto;butcher
buĉisto;butcher
budhismo;Buddhism
bufedo;buffet
bufro;buffer | bumper
buĝeto;budget
bukedo;bouquet
buklita;curled, permed
Bulgario;Bulgaria
buljono;bouillon, broth
bulko;roll (bread)
bulo;lump, ball, clod, chunk
bulvardo;boulevard
buŝa;oral
buŝa;oral
buŝo;mouth
butero;butter
buterujo;butter dish
butiko;shop
butikumi;go shopping
butono;button | stud | knob
C.E.D.;<i>Centro de Esploro kaj Dokumatado pri la monda lingva problemo</i> = Centre for Research and Documentation on the World Language Problem
C.O.;<i>Centrala Oficejo</i> = Head Office (of UEA)
ĉambro;room | chamber
ĉampano;champagne
ĉampioneco;championship
ĉapelo;hat
ĉar;because, since | for
ĉareto;handcart, barrow | carriage (of typewriter)
ĉarma;charming
ĉe;at | by | next to | in the case of, with
ĉeesti;be present, attend
ĉeesto;attendance, presence
ĉefa;chief, main, principal
ĉefstrato;high street, main street
ĉefurbo;capital (city)
Ĉeĥoslovakio;Czechoslovakia
ĉekaro;cheque book
celerio;celery
Celsiusgrado;degree Celsius
ĉemizo;shirt
ĉenbutiko;chain-store
cendo;(US) cent, ¢ (small coin), =<sup>1</sup>/<sub>100</sub> dollar
centavo;(South American) centavo (small coin), =<sup>1</sup>/<sub>100</sub> peso
centimetro;centimetre
centimo;(French) centime (small coin), =<sup>1</sup>/<sub>100</sub> franc
centra hejtado;central heating
centralo;telephone exchange | power station
centro;centre
cepo;onion
cerbo;brain
cerealo;cereal
ĉerizo;cherry
certa;certain | sure
ĉesi;cease, desist <i>(intr)</i>
cetera;remaining
ĉevalo;horse
ĉevalpovo;horsepower
ĉi-tie;here
ĉi-tien;to here
ĉi-tio;this
ĉia;every kind of
ĉial;for every reason
ĉiam;always
ĉie;everywhere
ĉiel;in every way
ĉielo;sky | heaven
ĉien;to everywhere
ĉies;everyone's, each one's
cigaredo;cigarette
cigareto;small cigar, cigarillo
cigaro;cigar
ĉimpanzo;chimpanzee
ĉina;Chinese
cindro;ash | cinder
cindrujo;ash tray
cindrujo;ash tray
Ĉinio;China
ĉino;Chinaman
ĉio;everything
ĉiom;all, totally, the whole quantity
ĉiovendejo;department store
ĉirkaŭ;(a)round, about
ĉirkaŭaĵo;surroundings, environment
citrono;lemon
ĉiu;each, every | each one, everyone
ĉiutage;every day
ĉokolado;chocolate
ĉu;(<i>question</i>)
ĉu ion pli?;"anything else?"
ĉu ne?;isn't it?
ĉu... ĉu;whether... or
D.M.;<i>Dumviva Membro</i> = Life Member
da;of (measure but <u>not</u> numeral)
daktilo;date (fruit)
danci;dance
danĝero;danger, peril
danĝero;danger, peril
danĝero;danger, peril
Danio;Denmark
danki (pro);thank (for)
dankon;thank you
Danubo;Danube
dato;date
dato;date
de;of | from | since | by
debeto;debit
debeto;debit
debuti;debut
decembro;December
decidi;decide, resolve
defendanto;defender
degeli;thaw | melt (<i>e.g.</i> ice, snow) (<i>intr</i>)
dek;ten
deklamado;recitation | declamation
deklari;declare, state
deklari;declare, state
dekstra;right (hand)
deligito;delegate
delto;delta
demandi;ask (a question)
demokratio;democracy
denove;again
denove;again, afresh
dentisto;dentist
dento;tooth
dentobroso;toothbrush
dentodoloro;toothache
dentopasto;toothpaste
dependi;depend
desegnado;drawing | design
desegni;draw | design
deserto;dessert
detabilgi (la servicon);clear away (the dishes)
detektivo;detective
deviga;compulsory
deziri;wish, desire
diable!;"damn!"
diablo;devil
dialekto;dialect
diapozitivo;(photo) slide, transparency
diareo;diarrhoea
digesti;digest
digo;dike | embankment
dika;thick | stout | fat
diktatoro;dictator
dimanĉo;Sunday
dio;god
diplomo;diploma
direkte al;in the direction of, towards
diri;say | tell
dirite farite;said and done
dis-;<i>(apart | separation)</i>
diservo;(religious) service
diski;dial (<i>e.g.</i> telephone)
diskoklubo;record club
diskoteko;record library | discotheque
diskturnilo;record player, turntable
diskuti;discuss
distra vespero;entertainment evening
distraĵo;entertainment, amusement
distri (sin);entertain, divert (oneself) | distract
distrikto;district
diversa;varied
do;therefore, so
dogano;customs
dogmo;dogma
dokumentado;documentary
dokumento;document | warrant, certificate
dolaro;(US) dollar, $ (currency)
dolĉa;sweet | soft, gentle, tender
domaĝi;begrudge | not want to spoil | think a pity
domgaraĝo;(domestic) garage
domo;house | building | household
donaco;present, gift
doni;give, impart
doni;give | impart, confer
dorlotbesto;pet
dormĉambro;bedroom
dormi;sleep
dormigilo;sleeping pill
dormosako;sleeping bag
dorso;back
dorsosako;rucksack, back-pack
dozo;dose
dramo;drama
dratkorbo;wire basket
drato;wire
dribli;dribble (a football)
drinkejo;public house, bar
drinkejo;public house, bar
drinki;drink (to excess), booze
drogo;drug, pharmaceutical
du;two
duagrada;secondary
dulita;double (room)
dum;meanwhile
dunganto;employer
dunganto;employer
dungito;employee
dungito;employee
duono;half
duŝ(il)o;shower
duŝi;shower
E.A.B.;<i>Esperanto Asocio de Britio</i> = E o Association of Britain (Charity)
eble... eble;perhaps... or
ebria;drunk, inebriated
eĉ;even
edukado;upbringing, (loosely) education
edukpensiono;boarding school
edziĝi;marry (become a husband)
edziĝi (kun);wed, marry, (become husband to)
edziniĝi;marry (become a wife)
edziniĝi (kun);wed, marry, (become wife to)
edzino;wife
edzino;wife
edzo;husband
edzo;husband
eglefino;haddock
ek de;since, from
ek-;<i>(beginning | sudden)</i>
ekflugi;take off (in aeroplane)
ekonomio;economy
ekpluvo;start to rain
ekrano;screen
eks-;<i>(former)</i>
ekscitiĝi;get excited
eksedziĝinta;divorced (man)
eksedziniĝinta;divorced (woman)
eksiĝi;resign
ekskurso;excursion, outing
eksperimento;experiment
ekspreso;express (train, messenger)
ekster;outside | besides
eksterlandano;foreigner
eksterlande;abroad
ekzameni;examine
ekzameniĝi;sit an exam
ekzameno;examination
ekzemo;eczema
ekzemple;for example
ekzemplero;copy (of book <i>etc.</i>)
ekzemplo;example
ekzemplo;example
ekzerco;exercise
ekzisti;exist, be
el;out of | from | made of
elasta ŝnuro;elastic
elefanto;elephant
elektebla;optional
elekti;choose | elect
elekti;choose | elect
elektristo;electrician
elektro;electricity
elirejo;exit
eliri;leave, go out
eliri;leave, go out
elkore;heartily, from the heart
ellitiĝi;get up (out of bed)
elsendi;transmit
elŝipiĝi;disembark (a ship)
elvagoniĝi;disembark (a train)
emerit(ul)o;retired person, pensioner
emerit(ul)o;pensioner
emeritiĝo;retirement
en;in | at
en ordo;in order, OK
en ordo;OK, all right
endormiĝi;fall asleep
enhavo;content(s)
enirejo;entrance
eniri;enter
enlandano;national (i.e. not foreigner)
enlande;at home (not abroad)
enlande;in one's country (not abroad)
enlasi;admit
enlitiĝi;go to bed
enloĝanto;inhabitant
enmeti;put in, enclose
enpoŝtigi;post (<i>e.g.</i> a letter)
enŝipiĝi;embark (a ship)
entuziasma;enthusiastic
envagoniĝi;embark (a train)
envenu!;"come in!"
eraro;error, mistake
eraro;error, mistake
escepte de;except from
eskalopo;escalop
eskudo;(Portugese) escudo (currency)
Esperantiĝi;become an Esperantist
Esperantisto;Esperanto speaker
Esperantlingve;in Esperanto
Esperantujo;place/"land" of Esperantists
espereble;hopefully
esperi;hope
esprimi;express
esprimi;express
esprimo;expression
esti;be
estimata;esteemed, honoured | (in a letter:) dear (<i>e.g. </i>Dear Sir)
estimi;esteem, think highly of
estraro;executive, board (collection of leaders)
estuaro;estuary
etaĝo;storey
etoso;atmosphere
etoso;atmosphere (<i>fig.</i>) | ethos
eŭroo;Euro € (currency)
Eŭropo;Europe
evangeliisto;evangelist
evolui;develop <i>(intr)</i>
f-ino;Miss
f-o;Master, (<i>loosely</i>) Mr
fabo;bean, broad bean
fabriko;factory
facila;easy | light, gentle
fajrbrigadano;fireman
fajrigi;set alight
fajrilo;(<i>e.g.</i> cigarette) lighter
fajro;fire
fajro;fire
fako;specialisation, department | pigeon-hole, compartment
fakto;fact
fakto;fact
fakturo;invoice
faldebla;folding
faldfolio;flysheet, pamphlet
fali;fall | drop <i>(intr)</i>
falsaj amikoj;"false friends", words with misleading similarities
famekonata;well known, renown
familio;family
famo;fame
fanfaroni;boast, brag
farĉi;stuff (culinary)
fare de;by (means of)
Farenhejtgrado;degree Fahrenheit
fari;make, do
farmbieno;farm
farmi;farm
farmisto;farmer
faro;deed
farti;fare
farunaĵoj;pastries (as in Danish pastry)
faruno;flour
faŝisto;fascist
favori;favour
fazeolo;french bean, kidney bean, haricot
FD.;<i>fakdelegito</i> = specialist representative
febro;fever
februaro;February
federacio;federation
feliĉa;happy | fortunate
feliĉan kristnaskon.....;"happy Christmas!"
feliĉan novjaron;"happy new year!"
feliĉan paskon;"happy Easter"
feltkrajono;felt-tip pen
femuraĵo;? leg (<i>e.g.</i> of lamb)
femuro;thigh
fenestro;window
feno;(Chinese) fen (small coin), =<sup>1</sup>/<sub>100</sub> yuan
ferii;go on holiday, take a vacation
ferioj;holidays, vacation
fermi;close, shut <i>(tr)</i>
fermilo;(<i>e.g.</i> window) catch
fermita;closed
fervojo;railway, railroad
fervoro;fervour, zeal
fervorulo;fan
festi;celebrate, hold a party
festo;feast, festivity | party
festotago;bank holiday, public holiday
fi-;<i>(shameful | disgusting)</i>
fi!;"for shame!"
fianĉiĝi;get engaged
fianĉo;fiancé
fidela;faithful
fidi;trust | rely on
filino;daughter
filmi;film
filmo;film
filo;son
finaĵo;ending
finfine;at last
fingro;finger
fini;finish, end <i>(tr)</i>
Finnlando;Finland
fino;end
finstacio;terminus
firmao;(business) firm
firmo;firm | (business) firm
fiŝado;fishing
fiŝaj-briketoj;fish fingers
fiŝkapti;(catch) fish
fiŝo;fish
fiŝo;fish
fiziko;physics
flandra;Flemish
flanko;side
flankokupo;hobby, sideline
flano;(thin flat) pastry | baked-custard tart | dropscone
flari;smell <i>(tr)</i>
flava;yellow
flegi;nurse (in sickness)
flegisto;a nurse
flirti;flutter | stream | flit | flirt
florbedo;flower bed
florbrasiko;cauliflower
florkesto;window box
floro;flower
floro;flower
florpoto;flowerpot
flua;fluent
fluanta;flowing
flughaveno;airport
flugmaŝino;aircraft
flui;flow, run
flustri;whisper
fluto;flute
fojo;time, occasion
folio;leaf | sheet (of paper)
fontano;fountain
for;away, off
foresto;absence
forgesi;forget
forinto;(Hungarian) forint (currency)
foriri;depart
foriri;depart
foriro;departure
forko;fork
forlasi;abandon | relinquish
formo;form, shape
forno;furnace, boiler | kiln
forta;strong
fotelo;armchair | (theatre) stall
foti;photograph
fotilo;camera
foto;photograph
fotoaparato;(still) camera
fotografaĵo;photograph
frago;strawberry
frakturo;fracture, break a bone
frambo;raspberry
franca;French
Francio;France
franco;Frenchman
franko;(French, Belgian, Swiss) franc (currency)
frapi;knock
fratino;sister
frato;brother
fraŭlino;spinster
fraŭlo;bachelor
frazo;sentence
fremda;foreign, strange | extraneous
fremda;foreign, strange | extraneous
fridigita;chilled, refrigerated
fridujo;refrigerator
fripono;rascal, rogue, crook
fritaĵo;fritter
friti;fry
frititaj terpomoj;chips, fried potatoes
frizisto;(ladies) hairdresser
fromaĝo;cheese
frosti;freeze <i>(intr)</i>
frostigi;freeze (something)
frostigilo;freezer
frua;early
fruktovendejo;fruit shop, fruitier's
frunto;forehead
fulmo;lightening
fumado malpermesata;no smoking
fumaĵita;smoked, smoke-cured
fumi;smoke
funkcii;function | work
funkciigi;get working
funto;pound (weight)
furioza;furious
futbalo;football (game)
futo;foot (measure)
gaja;gay, cheerful
gaja;gay, cheerful
gajan kristnaskon;"merry Christmas!"
gajni;win
galerio;gallery
galjono;gallon
ganto;glove
garaĝisto;garage worker
garaĝo;garage (car) | dock (boat) | (train) siding
ĝardeno;garden
gaso;gas
gaspedalo;accelerator, gas pedal
gasti;receive hospitality, stay (with someone)
gastigi;entertain, host
gasto;guest
gazetbudo;newspaper kiosk, booth
gazeto;magazine, periodical, gazette
gazeto;magazine, periodical, gazette
gazono;lawn
ge-;<i>(both sexes together)</i>
geavoj;grandparents
geedziĝintaj;married
geedzoj;married couple
gefiloj;children
gefratoj;siblings
ĝemeldomo;semi-detached house
ĝemelo;twin
genepoj;grandchildren
ĝenerala;general
genevoj;nephew(s) and niece(s)
ĝeni;inconvenience, disturb
ĝeni;inconvenience, disturb | hamper | annoy
ĝentila;polite, courteous
genuo;knee
geografio;geography
geonkloj;uncle(s) and aunt(s)
gepatra;parental
gepatroj;parents
germana;German
germana;German
Germanio;Germany
germano;German
ges-roj;Mr &amp | Mrs
gesinjoroj;ladies and gentlemen
ĝi;it
ĝia;its
giĉeto;ticket window, box-office, hatch
gimnastiko;gymnastics
gimnazio;grammar-school, high school
ĝino;gin
ĝinzo;jeans
gipso;plaster (of Paris)
ĝirafo;giraffe
ĝis;until
ĝis la (revido);goodbye (face to face)
ĝis la reaŭdo.....;goodbye (on the telephone)
gitaro;guitar
glaciaĵo;ice cream
glacio;ice
glaco;plate-glass
glacoviŝilo;windscreen-wiper
gladi;iron (clothes)
gladilo;iron (for clothes)
gladtabulo;ironing board
glando;gland
glaso;(drinking) glass, tumbler
gliti;slide | slip <i>(intr)</i>
glitkuri;ice-skate
globkrajono;ball-point pen
glumarko;sticker, seal
ĝojan kristnaskon;"happy Christmas"
ĝoji;be glad, rejoice
golfo;gulf, bay | golf
golo;goal (scored)
golulo;goal-keeper
gorĝdoloro;sore throat
gorĝo;throat
grado;degree (measure) | grade
grado;degree | grade
graflando;county
gramatiko;grammar
gramo;gram (weight)
gramofono;gramophone
granda;big, large | great
grando;size
grapfrukto;grapefruit
gratuli;congratulate
gratulon;"congratulations"
gratvundo;scratch (injury)
grava;important, serious
greka;Greek
Greklando;Greece
greko;Greek
Gresijono;Gresillon (in France)
grimpi;climb<i> (intr)</i>
grinci;creak, grate, grind
gripo;influenza, flu
griza;grey
groŝo;(Obsolete German) groschen (small coin)
grumbli;grumble
grupo;group
ĝui;enjoy
guldeno;(Dutch) guilder (currency)
ĝusta;right, correct, exact
ĝusta;right, correct | exact
gustumi;taste (something)
gustumi;taste (something)
guto;drop(let)
Hago;The Hague (Netherlands)
hajlo;hail
halo;(large) hall | covered market
halo;(large) hall | covered market
halo!;"hello!" (on the telephone)
haltejo;(<i>e.g.</i> bus) stop
halti;stop, halt <i>(intr)</i>
hamstro;hamster
harbroso;hairbrush
haringo;herring
haro(j);hair
haveno;harbour
havi;have
Havro;le Havre
heĝo;hedge
hejme;at home
hejmo;home
hejmtasko;homework
hejtforno;heater, stove
hela;bright, clear | light(-coloured)
hela;bright, clear | light(coloured)
heliĝi;brighten
helpi;help
helpi;help
ĥemio;chemistry
hemoroidoj;haemorrhoids, piles
hepataĵo;liver (food)
hepato;liver
herbo;grass | herb, plant
herbo;grass | herb
hieraŭ;yesterday
higieno;hygiene
Hindio;India
hipervendejo;hypermarket
hipopotamo;hippopotamus
hispana;Spanish
Hispanio;Spain
hispano;Spaniard
historio;history | story
historio;history | story
hobio;hobby
hobojo;oboe
hodiaŭ;today
hokeo;hockey
hoko;hook
hola!;"hey! stop!"
homo;human being, man
honora;honoured
honori;honour
horaro;timetable
horloĝo;clock | watch
horo;hour | time (of day)
horplano;timetable
hortabelo;timetable
hortabelo;timetable
hotelo;hotel
humoro;temper, mood
hundo;dog
Hungario;Hungary
hupo;horn, hooter
I.F.E.F.;<i>Internacia Federacio de Esperanto-Fervojistoj</i> = International Federation of Esperantist Railway workers
I.L.E.I;<i>Internacia Ligo de Esperanto-Instruistoj</i> = International League of E-o Teachers
ia;some kind of | any sort of
ial;for some reason
iam;once | sometime (in future) | ever
identeco;identity
ideo;idea
idiomo;tongue, language
idiotismo;idiom
Ido;Ido (offshoot of, and competitor to, E-o)
ie;somewhere
iel;somehow
ien;to somewhere
ies;someone's
ili;they
ilia;their
ilo;tool | instrument
imperio;empire
imposto;tax
inaŭguri;inaugurate
industrio;industry
infano;child
infekti;infect
influi;influence
informejo;information centre
informejo;information centre
informo;information
inĝeniero;(professional) engineer
ingredienco;ingredient
injekti;inject
inklino;inclination
inkluziva;inclusive
inkluziva;inclusive
inokuli;inoculate
insekto;insect
insigno;badge
instruado;teaching
instruisto;teacher
instrukcio;directions, instructions
instrumento;instrument
insulo;island
insulti;insult | revile
intelektulo;intellectual
inteligenta;intelligent
intenci;intend
intensa;intense | intensive
inter;between | among
interesa;interesting
interesa;interesting
interesi;interest
interesiĝi;be interested in
intereso;interest
interkona vespero;introductory evening
internacia;international
internato;boarding house, boarding wing
interrompi;interrupt
interŝanĝi;swap, exchange
interŝanĝi;exchange, swap <i>(intr)</i>
interŝanĝo;exchange
intersekcaĵo;intersection
inviti;invite
io;something | anything
iom;a bit | some | a little, rather
iomete;a tiny bit
irbileto;one-way ticket
iri;go
irlandano;Irishman
Irlando;Ireland
islamano;Muslim
itala;Italian
Italio;Italy
italo;Italian (person)
iu;someone | a certain...
J.D.;<i>Junulara Delegito</i> = Youth Delegate
J.E.B.;<i>Junularaj Esperantistoj Britiaj</i> = Young E-ists of Britain
ja;indeed
jaĥto;yacht
jako;jacket
ĵaluza;jealous
jam;already | by now
januaro;January
japana;Japanese
Japanio;Japan
japano;Japanese (person)
jaraĝa;years old
jarcento;century
ĵargono;jargon
jaro;year
jaro;year
ĵaŭdo;Thursday
je;(at)
je via sano;"your health"
jen;here is
jen... jen;sometimes... sometimes
jeno;(Japanese) yen, ¥ (currency)
jes;yes
jes;yes
jes ja;"yes indeed!"
Jesuo;Jesus
ĵeti;throw
jeto;jet (plane)
ĵetono;token
jogurto;yoghurt
ju... des;the... the ...
juano;(Chinese) yuan (currency)
judo;Jew
ĵudo;judo
Jugoslavio;Yugoslavia
julio;July
juna;young
junio;June
junulargastejo.....;youth hostel
junulo;youth
jupo;skirt
ĵurnalo;newspaper
ĵus;just, just now
juvelaĵo;jewellery
K.E.L.I.;<i>Kristanta Esperantista Ligo Internacia</i> = Christian Esperantist International League
K.E.S.;<i>Kvakera Esperanto Societo</i> = Quaker Esperanto Society
K.K.K.;<i>Konstanta Kongresa Komitato</i> = Permanent Congress (organising) committee
K.K.S.;<i>Konstanta Kongresa Sekretario</i> = Permanent Congress (organising) secretary
kadro;frame, framework | cadre
kaduka;ramshackle, decrepit, dilapidated, shaky
kafkruĉo;coffee pot
kafo;coffee
kaĝo;cage
kaj;and
kaj al vi!;"and the same to you!"
kaj tiel plu;and so on, etc.
kaj... kaj;both... and
kajero;exercise book
kajo;quay | platform
kajutlito;sleeping compartment bed
kajuto;compartment, cabin (on ship or plane)
kakao;cocoa
Kalezo;Calais
kalkuli;calculate, reckon | count
kalkuli;calculate, reckon | count
kalkulo;calculation | bill, account | calculus
kalsoneto;briefs
kalsono;underpants, trunks
kamarado;comrade | mate, pal
kamelo;camel
kameno;fireplace, hearth
kamentubo;chimney
kamioneto;(delivery) van
kamionisto;lorry-driver, truck-driver
kamiono;lorry, truck
kamp(ad)i;camp
kampadejo;camping site
kampadforno;camping stove
kampadgazo;camping gas
kamparo;countryside
kampo;field
Kanado;Canada
kanario;canary
kandidato;candidate
kanguruo;kangaroo
kanti;sing
kapabla;able, capable
kapdoloro;headache
kapjesi;nod (yes)
kapnei;shake ones head (no)
kapo;head
kapoto;bonnet, hood (of car)
kapti (la sencon);grasp (the meaning)
kara;dear
karamelo;caramel
karapaco;carapace, (tortoise's) shell
karbo;coal
karburilo;carburettor
kareo;curry (powder | dish)
kariero;career
kariofilo;clove (spice)
karoto;carrot
karto;card
kartono;cardboard, pasteboard
kasedaparato;cassette player
kasedaparato;cassette player
kasedo;(tape) cassette
kasedo;cassette
kasejo;cash desk
kaserolo;saucepan, stew-pan
kasisto;treasurer | cashier
kaskedo;(peaked) cap
kaŝtano;chestnut
kastelo;castle
kastelo;castle
kataplasmo;poultice
katedralo;cathedral
kategorio;category
kato;cat
katoliko;catholic
katuno;cotton (fabric)
kaŭĉuko;rubber
kaŭzo;cause
kazino;casino
ke;that
keletaĝo;basement
kelkaj;some, a few
kelke;severally
kelnero;waiter
kelnero;waiter
kelo;cellar
kemio;chemistry
kermeso;kermis, village fair
kesto;chest, (largish) box
kia;what kind (of), what (a)
kial;why
kiam;when
kie;where
kiel;how | as, like
kiel vi vin sentas?.....;"how do you feel?"
kien;where (to), whence
kies;whose | of which
kilogramo;kilogram
kilometro;kilometre
kimra;Welsh
Kimrio;Wales
kimro;Welshman
kinejo;cinema
kio;what
kiom;how much | how many
kiosko;kiosk
kipro;kipper
kirli;stir
kiu;who | which (one) | that
klara;clear, plain
klarigi;clarify, explain
klarigi;clarify | explain
klarneto;clarinet
klasika;classic | classical
klaso;class
klerigado;education
klerulo;cultured, educated person
kliento;client | customer
klifo;cliff
klimato;climate
klopodi;take steps (to), endeavour, set about
klubo;club (society)
kluĉi;couple, engage
kluĉilo;clutch (of car)
knabino;girl
knabo;boy
kobajo;guinea-pig
kofro;trunk, coffer | boot (of car)
kokidaĵo;chicken
koko;cock, rooster
kokoso;coconut
kolbaso;sausage
kolegio;college
kolego;colleague | schoolfellow
kolekti;collect | gather <i>(tr)</i>
koleri;be angry (with)
kolo;neck
Kolombio;Colombia
koloro;colour
koloro;colour
kolporti;hawk, peddle
koltuko;scarf
kombi;comb
kombilo;comb
komedio;comedy
komenci;begin <i>(tr)</i>
komerco;commerce, business
komerco;commerce, business
komitatano;committee member
komitato;committee
komizo;(shop) assistant | clerk
komo;comma, (decimal point)
kompari;compare <i>(tr)</i>
komplemento;complement
kompoto;compote, stewed fruit
kompreneble;of course
kompreni;understand, comprehend
komputero;computer
komputilo;computer | calculator | meter
komunisto;communist
konatiĝi (kun);become acquainted (with)
konato;acquaintance
koncepto;concept
koncertejo;concert hall
koncerto;concert
kondiĉo;condition
konduki;lead | bring | drive (a vehicle)
kondukpermesilo;driving licence
konduktoro;conductor
konduti;behave
konfesi;confess
konfitaĵo;jam, preserve(d) fruits
konfuzi;confuse
kongresa libro;congress (guide) book
kongresano;congress member, attendee
kongresejo;congress hall, site
kongreso;congress, convention
koni;know, be acquainted with
konjako;cognac, brandy
konservativa;conservative
konservi;keep | preserve
konsideri;consider
konsili;advise
konsili;advise
konstanta;constant, permanent | standing
konstruaĵo;building
konstruaĵo;building
konsulejo;consul
konsulthoroj;(doctor's surgery) hours
kontaĝo;contagion
kontaktilo;circuit breaker | (electrical) connector
kontaktskatolo;(electrical) socket
kontinento;continent
konto;account
konto;account
kontraŭ;against | opposite | (in exchange) for, contrary to
kontraŭi;be opposed (to)
kontroli;check | audit, examine | supervise | verify
kontuzi;bruise <i>(tr)</i>
kopeko;(Russian) copek, kopeck (small coin), =<sup>1</sup>/<sub>100</sub> rouble
kopii;copy
Korano;Koran
korbo;basket
korekti;correct
korespondanto;correspondent
korespondi;correspond (exchange letters)
koridoro;corridor
korko;cork
korktirilo;corkscrew
koro;heart
korpo;body
kosti;cost
kotizo;subscription fee, dues
kotleto;cutlet, chop
koverto;envelope
koverto;envelope
kovri;cover
kovri;cover
kovrilo;lid | cover (of bed, book, <i>etc.</i>)
krabo;crab
krajono;pencil
kramfo;cramp
krano;tap, faucet
kravato;tie
kredi;believe
kreditkarto;credit card
kredito;credit
kredito;credit
kremaĵo;custard
kremo;cream
kreskaĵo;plant
kreski;grow <i>(intr)</i>
krespo;pancake
krestomatio;chrestomathy, anthology, reader
kreto;chalk
krevi;burst <i>(intr)</i>
krii;cry, call out
kriketo;cricket
krimo;crime
krispa;crimped, frilly
kristano;Christian
kristnasko;Christmas
Kristo;Christ
kritiki;criticise
krokodili;speak national language at E-o meeting
krom;besides, apart from
krompago;bonus, excess, extra payment
krono;crown | (Denmark, Norway, Sweden) kroner (currency)
kruĉo;jug
kruro;leg (shank - knee to foot)
kruta;steep
kruzejro;(Brazilian) cruzeiro (currency)
kudri;sew
kuirejo;kitchen
kuirforno;(cooking) stove, oven
kuiri;cook
kuko;cake
kukolhorloĝo;cuckoo clock
kukumo;cucumber
kukurbo;pumpkin | marrow, squash
kulero;spoon
kulpa;guilty, to blame
kulturfilmo;cultural film, art-house film
kulturo;culture
kumino;cumin
kun;with
kun tio;with that
kune;together
kuniklo;rabbit
kunligitaj (domoj);terraced (houses)
kunmetita;compound
kunvenejo;meeting place
kunveno;meeting
kupeo;(railway) compartment | coupé
kuracejo;doctor's
kuracisto;doctor
kuri;run
kurteno;curtain
kurzo;rate of exchange
kuseno;cushion
kuŝi;lie, recline
kustardo;custard
kutime;usually
kuzino;(female) cousin
kuzo;(male) cousin
kvalif(ik)i;qualify <i>(tr)</i>
kvalito;quality
kvankam;although
kvar;four
kvarono;quarter
kvartalo;quarter (part of city)
kvieta;quiet, calm | docile
kvin;five
kvitanco;receipt
L.K.K.;<i>Loka Kongresa Komitato</i> = Local Congress Organising Committee
la;the
laboratorio;laboratory
laborejo;workplace
laborema;industrious
labori;work, labour
laborilo;(work) tool
laboro;work
laca;tired
laĉo;(shoe) lace
lago;lake
lago;lake
lakto;milk
laktuko;lettuce
lampo;lamp
landlimo;frontier | border
lando;country
lando;(a) country
lango;tongue
lango;tongue
lango;tongue
lano;wool
lanugaĵo;eiderdown, duvet
lardo;bacon
lasi;leave | let
lasta;last, most recent
latino;Latin
laŭ;according to | along
laŭdi;praise
laŭsence;according to sense of, not literally
laŭtparolilo;loudspeaker
laŭvorte;literally, verbatim, word for word
lavbroso;scrubbing brush
lavi (sin);wash (oneself) <i>(tr)</i>
lavkuvo;wash tub
lavmaŝino;washing machine
lavtuko;washing-up cloth
leciono;lesson
ledo;leather
legi;read
legi;read
legomisto;greengrocer, vegetable seller
legomo;vegetable
leki;lick
leono;lion
leopardo;leopard
lepto;(Greek) mite (small coin)
lernanto;pupil
lernejestro;headmaster
lernejo;school
lerni;learn
lernobjekto;subject (of study)
lernolibro;textbook
lertulo;skilled person
lesivo;lye, washing solution
lesivpulvoro;detergent
leterkesto;letterbox
leterpapero;letter-writing paper
leterportisto;postman, mailman
li;he
lia;his
libera;free
libro;book
liceo;6<sup>th</sup> form college (16+), lycée
lifto;lift, elevator
ligno;wood
ligno;wood, timber
ligo;league | connection
likva;liquid
limonado;lemonade
lingvaĉo;gibberish, jargon, jabber
lingvaĵo;dialect, form of speech
lingvo;language
liniilo;ruler
lipharoj;moustache
lipo;lip
liro;(Italian) lira (currency) | lyre
listo;list
litero;letter (of the alphabet)
literumi;spell
lito;bed
litro;litre
littuko;sheet
litvagono;sleeping car (on train)
liveri;deliver | supply, furnish
loĝada servo;room service
loĝado;lodging(s) | abode
loĝejo;lodgings, residence
loĝi;live, dwell | inhabit, stay (in hotel)
loĝi;live, dwell | inhabit
loĝi;live, inhabit
logiko;logic
loko;place
loko;place
lokomotivo;locomotive, (railway) engine
Londono;London
longa;long
longdistanca;long-distance
ludi;play
ludilo;toy
ludkarto;playing card
ludo;game
lui;rent, hire (from someone)
Luksemburgo;Luxembourg
lukso;luxury
lukso;luxury
lumigi;illuminate
lumo;light
lundo;Monday
luno;moon
lupo;wolf
M.A.;<i>Membro-Abonanto</i> = Subscribing Member
M.S.;<i>Membro-Subtentanto</i> = Supporting Member
maĉo;match, game
magazeno;(large) shop, store | magazine (of fire-arm, camera)
Mahometo;Mohammed
maizflokoj;cornflakes
maizo;maize, (sweet)corn
majo;May
majonezo;mayonnaise
majstro;master(-craftsman), maestro
makaronio;macaroni
mal-;<i>(opposite meaning)</i>
maleolo;ankle
maleolo;ankle
malfermi;open
malfermilo;opener
malfermita;open
malgraŭ;in spite of, despite
malmultekosta.....;cheap
malpaki;unpack
malpermesata;forbidden
malplenigi;empty
malsanulejo;hospital | infirmary
malsata;hungry
malsati;be hungry
malsupera;below
maltrafi;miss (<i>e.g.</i> train, target, <i>etc.</i>)
malvarmumo;cold (illness)
malvesti (sin);undress (oneself)
mamzono;bra
manĝaĵo;food
manĝejo;dining room
manĝi;eat
manĝoĉambro;dining room
manĝoprovizo.....;food supply
maniero;manner, way
Manikaj Insuloj;Channel Islands
manki;be lacking, deficient, fail | be absent
mano;hand
manometro;manometer, pressure gauge
mansako;handbag
mansardo;attic
mantelo;coat | cloak
mantuko;(hand) towel
mapo;map
marbordo;(sea)shore
mardo;Tuesday
maristo;sailor
marko;(German) mark (currency)
markolo;channel
marmalsano;sea sickness
marmelado;jam (<i>inc.</i> marmalade)
maro;sea
marŝi;march | walk
marto;March
matĉo;match, game
matematiko;mathematics
matenmanĝo;breakfast
mateno;morning
mato;mat
matraco;mattress
matureco;maturity
meblo(j);furniture
medikamento;medicine, medicament
Mediteraneo;Mediterranean
mejlo;mile
mekanikisto;mechanic
meleagro;turkey
melongeno;aubergine, egg-plant
melono;melon
mem;-self, -selves
membro;limb | member
membro;member | limb
memfarado;DIY
memfida;confident
memkritiki;self-criticise
memoraĵo;souvenir
memori;remember
memoro;memory
memserva;self-service
memservado;self-service
memstare;independently
mendi;order | book
mendo;order | booking
mensogi;(tell a) lie
menstrua tuko;sanitary towel
mento;mint (plant | flavour)
menuo;menu
meringo;meringue
meriti;deserve, merit
merkredo;Wednesday
metalo;metal
metalo;metal
meteobulteno;weather bulletin
meti;put
meti;put, place
metiejo;workshop, craft shop
metiisto;(handi)craftsman, tradesman
metio;(handi)craft, trade
metro;metre
mezgrada;middle grade
mezlernejo;secondary school (11 - 15)
mezo;middle
mi;I, me
mi petas;"please"
mia;my
miaŭi;mew, miaow
mielo;honey
mieno;mien, look, expression
mikrofono;microphone
mikroskopo;microscope
milda;mild, gentle
milda;mild, gentle
ministo;miner
minuto;minute
mis-;<i>(mis-)</i>
moderna;modern
modesta;modest
momento;moment
monarkio;monarchy
monero;coin
monero;coin
mono;money
mono;money
monpuno;fine
monŝanĝejo;bureau de change
montaro;highlands, (mountain) range
montaro;highlands, mountains
monto;mountain
monto;mountain
montopinto;mountain peak, summit
monujo;purse
monumento;monument
mopedo;moped
morgaŭ;tomorrow
moroj;mores, customs
morti;die
mortinta;dead
moruo;cod
motorciklo;motorcycle, motorbike
motoro;motor | engine
multa(j);much, many
multe (da);a lot (of)
multekolora;multicoloured
multekosta;expensive
multekosta;expensive
multetaĝa aŭtoparko;multi-storey car-park
Munkeno;Munich
murmuri;murmur
muro;wall
muskato;nutmeg
muso;mouse
muŝo;fly
mustardo;mustard
muzeo;museum
muziko;music
nacia;national
naĝbaseno;swimming pool
naĝi;swim
najbaro;neighbour
naskiĝfesto;birthday party
naskiĝi je/en;be born at/in
naskiĝtago;birthday
natura;natural
naturo;nature
naŭ;nine
nazo;nose
nazsangado;nosebleed
naztuko;handkerchief
ne;no, not
ne;no
ne dankinde;"don't mention it"
ne gravas;"it's not important"
ne longe;recently
ne plu;no longer, no more
nebulo;fog
necesa;necessary
neceseja papero;lavatory paper
necesejo;lavatory
nederlanda;Dutch
nederlandano;Dutchman
Nederlando;Netherlands
nedeviga;optional
neĝbulo;snowball
neĝhomo;snowman
neĝo;snow
negocisto;businessman, trader
nek... nek;neither... nor
nenia;no kind of
nenial;for no reason
neniam;never
nenie;nowhere
neniel;in no way, not at all, by no means
nenien;to nowhere
nenies;no one's
nenio;nothing
neniom;none
neniu;nobody, no-one | neither | none
neperfekta;imperfect
nepino;granddaughter
nepo;grandson
nepre;without fail | absolutely
nervo;nerve
nervoza;nervous
netrinkebla;undrinkable
neŭtrala;neutral
nevino;niece
nevo;nephew
ni;we, us
nia;our
nigra;black
nilona;nylon
nivelpasejo;level crossing
No.J.E.F.;<i>Norwich Junulara Esperanto Fonduso</i> = Norwich Youth E-o Fund
nokto;night
noktomezo;midnight
nomiĝi;be called
nomo;name
norda maro;North Sea
nordo;North
Norvegio;Norway
noti;note | mark, grade
noto;note | mark, grade
novaĵfilmo;newsreel
novelo;short story, novella
novembro;November
novjaro;new year
nu;well! now!
nubo;cloud
nudelo;noodle
nukso;nut
nul;zero, nil
numero;number (as identifier)
nun;now
nur;only
nutraĵoj;food | nourishment
nutri;feed | nourish <i>(tr)</i>
obei;obey
objekto;object | thing | subject (of study)
oceano;ocean
oero;(Danish) öre (small coin)
oferti;(mainly commercial) offer | bid
oficeja bloko;office block
oficejo;office, bureau
oficejo;office, bureau
oficiala akcepto;official reception
oficiala bulteno;official bulletin
ofte;often
ok;eight
okazi;occur, happen
okcidento;West
oktobro;October
okulharo;eyelash
okulisto;oculist (eye doctor)
okulo;eye
okulvitroj;glasses, spectacles
okupi;occupy
okupita;busy, engaged, occupied
okupita;occupied, busy, engaged
okupo;occupation
ol;than
oleo;oil
oleo;oil
omaro;lobster
ombrelo;umbrella | parasol
ombro;shadow | shade
omleto;omelette
ondo;wave
oni;one, people, they, we, you
onia;ones
onklino;aunt
onklo;uncle
operacio;operation
opinii;think, have an opinion on, opine
optikisto;optician
oranĝa;orange
oranĝo;orange
ordema;methodical
orelo;ear
orfiŝo;goldfish
oriento;East
origano;oregano (herb)
orkestro;orchestra
oro;gold
ostrompiĝo;fracture
ovingo;egg cup
ovkirlaĵo;scrambled egg
ovo;egg
pacema;peaceful
paciento;patient
pacifiko;Pacific
paĉjo;dad
paco;peace
pado;path | (traffic) lane
pafilo;gun
pagi;pay
paĝo;page
pagponto;toll-bridge
pajnto;pint
pakaĵo;bale, bundle, pack(age), parcel
pakaĵricevejo;parcel office, (left) luggage office
paki;pack
Pakistano;Pakistan
pala;pale
palaco;palace
palto;coat, overcoat
panbutiko;bread shop
panei;(mechanical) break down
paneo;breakdown, mechanical failure
panjo;mum
pano;bread | loaf
panoramo;panorama
panoramo;panorama
pansaĵo;dressing
pantalono;trousers
pantoflo;slipper
papago;parrot
papero;paper
papo;pope
papriko;paprika
pardoni;forgive, pardon
pardonpeti;beg forgiveness, be sorry
pardonu (min).....;pardon (me)
parenco;relative, relation
parentezo;parenthesis
parfumo;perfume
parfumo;perfume
Parizo;Paris
parkejo;car park
parkejo;lay-by | carpark
parkere;by heart
parki;park
parko;park
parko;park
parkometro;parking meter
parlamentejo;houses of parliament
parlamento;parliament
paro;pair
parolado;speech
paroli;speak, talk
paroli;speak, talk
parolilo;(loud)speaker
partero;stalls, pit (of theatre)
partio;(political) party, side | faction
partopreni;participate
pasaĝero;passenger
pasejo;pass, passage | gangway
pasigi;spend (time)
pasko;Easter, Passover
pasporto;passport
pasteĉo;pie | pasty
pastoro;pastor
pastro;priest, clergyman, minister
patelo;patella, knee cap | limpet
patrino;mother
patro;father
paŭzo;pause, break | interval
peco;piece, bit
pedalo;pedal
Pekino;Peking
pekli;(to) salt
pelvo;basin, bowl | pelvis
penco;(British) penny (small coin), =<sup>1</sup>/<sub>100</sub> pound
penetri;penetrate
peni;try, endeavour
penio;(Finnish) penny (small coin), =<sup>1</sup>/<sub>100</sub> mark
pensi;think
pensionato;finishing school
pensiono;boarding house, pension
pensiulo;pensioner
pentekosto;Pentecost, Whit
pentri;paint (a picture, art, <i>etc.</i>)
per;by (means of), with, through
perdi;loose
perdi;lose
perditaj objektoj.....;lost property (office)
perfekta;perfect
perlabori;earn
permesata;allowed
permesi;allow, permit
permesi;allow, permit
persiko;peach
persona;personal
persono;person | personality
persono;person
Peruo;Peru
peseto;(Spanish) peseta (currency)
pesi;weigh (measure weight)
peso;(South American) peso (currency)
peston!;"a plague, pestilence!"
peti;ask, request, beg
petroselo;parsley
petveturi;hitch-hike
peza;heavy
pezi;weigh (have weight)
pfenigo;(German) pfennig (small coin), =<sup>1</sup>/<sub>100</sub> mark
piano;piano
piede;by foot, on foot
piedfingro;toe
piediranto;pedestrian
piedo;foot
piĵamo;pyjama(s)
pika;piquant, sharp, bitter
pikloj;pickles
pikniki;picnic
pikniko;picnic
pilko;ball
pilolo;pill
pingveno;penguin
pipo;(tobacco-)pipe
pipro;pepper
pipromento;peppermint
piro;pear (fruit)
pizo;pea
plaĉi (al);please, be pleasing (to)
placo;(public) square, piazza
plado;dish, platter | course
plafono;ceiling
plaĝo;bathing beach
planita;planned
planko;floor
plano;plan
plasto;plastic (material)
plasto;plastic (material)
plastro;plaster (dressing)
plata;flat
plena;full
plendi;complain
plenigi;fill
plenigi;fill up
plenplena;chock-a-block
plentaso;cupful
plenumi;fulfil
plenumi;fulfil
pli;more
pli laŭte;louder
plibonigi;improve
plonĝi;dive, plunge
plori;weep, cry
pluvduŝo;rainshower
pluvmantelo;raincoat
pluvo;rain
pneŭ(matik)o;tyre
po;at the rate of, each
poĉi;poach (<i>e.g.</i> an egg)
poemo;poem
poento;point (in scoring), mark
poezio;poetry
pokalo;goblet | cup (trophy)
pola;polish
policejo;police station
policisto;policeman
policisto;policeman
polico;police
Polio;Poland
polo;Pole
polvosuĉilo;vacuum cleaner
pomo;apple
pop(ular)a;pop
por;for (to do)
por fumantoj;for smokers
por ke;so thay, in order to
por nefumantoj;for non-smokers
porcio;portion
pordo;door
poreo;leek
porkaĵo;pork
porko;pig
portebla;portable
porti;carry | wear
portisto;porter
Portugalio;Portugal
portugalo;Portuguese man
posedi;posess, own
poŝmono;pocket money
post;after | behind
poŝtejo;post office
poŝtkarto;postcard
poŝtkarto;postcard
poŝtmandato;postal order
poŝtmarko;(postage) stamp
postmorgaŭ;day after tomorrow
poŝtoficejo;post office
poŝtrestante;to be called for, collected
poŝtuko;handkerchief
postuli;demand, require
povi;be able
pra-;<i>(remoteness in time)</i>
praktika;practical
praktiki;practise
pram(ŝip)o;ferry, flat-bottomed boat
pravi;be right (in opinion, argument)
pravi;be (morally) right, win argument
precipitaĵo;precipitation
preciza;precise, accurate
preferata;preferred
preferi;prefer
prefikso;prefix
preĝejo;church | place of worship
prelego;lecture, talk
premi;press | oppress
premmezurilo;pressure gauge
premo;pressure
preni;take
prepari;prepare
preskaŭ;almost
preter;(straight) past, by | beyond
prezentado;presentation
prezenti;present | introduce | represent | depict | constitute
prezenti;present | introduce | represent | depict
prezo;price
prezo;price
pri;about, concerning
principo;principal
printempo;spring(time)
printempo;spring(time)
priskribi;describe
priskribi;describe
privata;private
prizorgi;take care of, look after
pro;for, because of, owing to | (in exchange) for
problemo;problem
problemo;problem
problemo;problem
profesio;profession
programo;programme
progresi;progress
progresi;progress <i>(intr)</i>
progreso;progress
proksima;near, nearby
proksimuma;approximate
promeni;go for a walk, a drive, a ride <i>etc.</i>
promesi;promise
prononci;pronounce
proponi;propose | offer
prospekto;prospectus
protekti;protect | back, help (a protégé)
protestanto;Protestant
protokolisto;minute-taker
protokolo;minutes (of a meeting)
provi;try | try out | test
provvesti;try on (clothes)
pruno;plum
pruntovorto;loan-word (origin in another language)
publika;public
pudingo;pudding
pulmo;lung
pulov(e)ro;pullover
pulso;pulse
punĉo;punch (drink)
pundo;(British) pound, £ (currency)
puni;punish, penalise
puni;punish, penalise
punkto;point, dot | full stop | moment
pupitro;(sloping-top) desk | lectern
pupo;doll
pura;clean | pure
purigi;clean
puŝu!;"push!"
rabato;rebate, reduction, discount
radiatoro;radiator
radiko;root
radio;radio
radio(fono);radio
radiografio;radiography
radioskopio;radioscopy (x-rays)
rado;wheel
raguo;ragout, stew
rajdi;ride (horse, bicycle, <i>etc.</i>)
rajti;be entitled to, have the right to
rajto;(a) right
rakedo;racquet
rakonti;tell (a story), narrate
rakonto;story, tale, narrative
rapidometro;speedometer
rapidtrajno;fast train
raporti;report
raso;race | breed, stock
razeno;lawn
razi;shave <i>(tr)</i>
razilo;razor
re-;<i>(in return | again)</i>
recepto;recipe | prescription
redakti;edit | draft, draw up
redoni;give back, return, render <i>(tr)</i>
refreŝigaĵoj;refreshments
regali;entertain, treat
regali;entertain, treat
reĝimo;regime
regiono;region
regiono;region
registri;register, record
registrita;recorded | registered
regno;state, realm, kingdom
reĝo;king
regularo;(set of) rules
regulo;rule
Rejno;Rhine
reklamo;advertisement
rekomendi;recommend
rekta;straight | direct
rekte antaŭen.....;straight on, forwards
religio;religion
remi;row
ren(aĵ)o;kidney
rendevuo;rendezvous | appointment
renkonti;meet | encounter <i>(tr)</i>
renkontiĝo;meeting
reno;kidney
repagi;repay
resaniĝi;heal up
respondeci;be responsible (for)
respondi;reply, answer | correspond
respubliko;republic
resti;remain, stay
restoracio;restaurant
restoracio;restaurant
restoracivagono;restaurant car
reteni;hold back, retain
reto;net | network
reto;net | network
revenbileto;return ticket, round-trip ticket
revuo;review, journal | revue
revuo;review, journal | revue
rezervejo;reserved place
rezervi;reserve
rezidi;reside
rezigni;forgo, renounce | give up
rezulto;result
riĉa;rich
ricevi;receive, obtain | catch (a disease)
ricevi;receive, obtain | catch (a disease)
ricevilo;(<i>e.g.</i> telephone) receiver
rideti;smile
ridi;laugh
ridi;laugh
ridi;laugh
rifuzi;refuse
rifuzi;refuse
rigardi;look at | consider, deem
riglilo;(door) bolt
rigora;rigorous, stringent
ringo;ring
ringo;ring
rinocero;rhinoceros
ripari;repair, mend
ripeti;repeat
ripozi;rest, repose
riproĉi;reproach, tell off | blame
ristorni;refund
ristorno;refund
rivereto;stream
rivero;river
rivero;river
rizkaĉo;rice pudding
rizo;rice
robo;dress
rolo;rôle, part
romano;novel
rompi;break <i>(tr)</i>
rompita;broken
rondirejo;(traffic) roundabout
rostbefo;roast beef
rostpano;toast
roz(kolor)a;pink
rublo;(Russian) rouble (currency)
rubujo;dustbin
rubuso;blackberry
rufa;ginger, red (hair)
ruĝa;red
ruĝa beto;beetroot
rugbeo;rugby, rugger
ruĝigilo;rouge (make-up)
ruldomo;caravan
rulkurteno;(roller) blind
rulŝtuparo;escalator
rumo;rum
rusa;Russian
ruso;Russian
s-ino;Mrs
s-ro;Mr
S.A.T.;<i>Sennacieca Asocio Tutmonda = </i>World Non-nationalist Association
S.A.T.E.B.;<i>Sennacieca Asocio Tutmonda en Britio</i> = World Non-nationalist Association in Britain
sabato;Saturday
sablo;sand
ŝafidaĵo;lamb
ŝafo;sheep
safrano;saffron
ŝajni;seem, appear
sakarino;saccharine
sako;sack | bag | sac
ŝako;chess | check(mate)
sakstrato;blind alley, cul-de-sac
salajro;salary, wages
salamo;salami
salato;salad
salmo;salmon
salo;salt
salono;drawing room, lounge | salon | saloon
salti;jump, leap
ŝalti;switch on
ŝaltilo;switch
saluton!;"hello!"
sama;same
same al vi;"(and) the same to you!"
samideano;fellow-thinker (<i>i.e.</i> Esperantist)
ŝampinjono;(common edible) mushroom
ŝampuo;shampoo
sana;well, healthy
sandalo;sandal
sandviĉo;sandwich
ŝanĝejo;changing room
ŝanĝi;change <i>(tr)</i>
ŝanĝi;change <i>(tr)</i>
ŝanĝiĝema;changeable
sango;blood
sapo;soap
sata;full, satiated
ŝati;prize, think well of | like
ŝatokupo;hobby, pastime
saŭco;sauce
scenejo;stage
sceno;scene
scienco;science | learning
scii;know (a fact | how to)
scipovi;know (a language, how to ..., <i>etc.</i>)
se;if, supposing
sed;but
seĝo;chair
seka;dry
sekigi;dry
sekigtuko;drying-up cloth, tea-towel
sekretario;secretary
sekretario;secretary
sekso;sex
sekundo;second (of time | of arc)
sekurzono;seat belt, safety belt
sekvanta;following
sekvi;follow
selo;saddle
ŝelo;peel, bark, shell, rind
semaforo;semaphore (signal)
semajnfino;weekend
semajno;week
semestro;semester, half-year
seminario;seminar | seminary, training college
semolino;semolina
sen;without
senĉese;ceaselessly
senco;sense (meaning | direction)
sendi;send
sendi;send
sendi ;send
sendinto;sender
sendinto;sender
sendube;doubtless
senerara;correct
senerare;perfectly, without mistakes
senfine;endlessly, unending
senhalte;without stopping
senkulpigi;acquit, excuse, exonerate
senlabora;unemployed
senmona;broke
seno;(Japanese) sen (small coin), =<sup>1</sup>/<sub>100</sub> yen
senpaga;free | gratis
senrezulta;draw
sensalajra;unemployed
senŝeligilo;(<i>e.g.</i> potato) peeler
sensencaĵo;nonsense
senspira;breathless
senti;feel <i>(tr)</i>
senvestiĝi;undress
sep;seven
septembro;September
serĉi;look for, seek
serena;serene, calm
ŝereo;sherry
serioza;serious, earnest
serpento;snake
seruro;lock
servi;serve
servi;serve
servisto;servant
servostacio;service station
servu (vin);help yourself
ses;six
sezono;season (of the year)
si;(<i>reflexive pronoun</i>) oneself (<i>etc.</i>)
ŝi;she
sia;(<i>reflexive pronoun</i>) ones (<i>etc.</i>)
ŝia;her(s)
sidi;sit, be sitting
sidiĝi;sit down
sidiĝi;sit down
signalo de okupiteco;engaged signal/tone
signifi;mean, signify
silabo;syllable
silenti;be silent
ŝilingo;(Austrian) shilling (currency)
silko;silk
simio;monkey
simpatia;likeable, congenial
simpatio;liking, fellow-feeling
simptomo;symptom
sinagogo;synagogue
sincere;sincerely
sindikato;syndicate | trades union
sinjorino;Mrs, mistress
sinjoro;Mr, mister
sintakso;syntax
sinteno;attitude
sinteno;attitude
ŝipo;ship
siropo;syrup
sitelo;bucket, pail
situi;be situated
skatolmalfermilo;can opener
skatolo;box, case, tin (can)
skeptika;sceptical | cynical
sketi;skate
skii;ski
skolto;scout
skotero;motor-scooter
Skotlando;Scotland
skoto;Scotsman
skrapgumo;eraser, rubber
skriba;written
skribi;write
skribi;write
skribi;write
skribi;write
skribilo;pen
skribmaŝino;typewriter
ŝlagro;hit song
slango;slang
ŝlifŝtonoj;eroded stones
slojdo;sloyd (manual training)
ŝlosilo;key
ŝminko;make-up
ŝmiri;anoint, smear | spread (butter <i>etc.</i>) | grease | bribe
socia;social
socialisto;socialist
societo;(a) society
sofo;sofa
ŝoforo;driver, chauffeur
soifa;thirsty
soifi;be thirsty
soifo;thirst
sojlo;threshold | sill
soldato;soldier
soleo;sole (fish)
solvebla;soluble
somero;summer
somero;summer
sonbendo;tape (recording)
sonorilo;bell
sortimento;assortment
ŝoseo;roadway | (high)road
sovetio;Soviet (lands)
ŝovi;push along, slide <i>(tr)</i> | shove
spageto;spaghetti
sparadrapo;(surgical) adhesive tape
ŝpari;save (money, <i>etc.</i>) | economise
ŝpari;save (money, <i>etc.</i>) | economise
sparkilo;sparking-plug
ŝpato;spade
ŝpato;spade
speciala;(e)special
speco;kind, sort
spegulo;mirror
spegulo;mirror
spektaklo;spectacle, display
spektantaro;audience
sperta;experienced, expert
spico;spice
spinaco;spinach
spiri;breath
spongo;sponge
sporada;sporadic
sportema;sporty
sportema;sporty
sporto;sport
ŝranko;cupboard
stacidomo;(railway) station (building)
stadiono;stadium
stadiono;stadium
stalo;stall, shed, stable
stari;stand <i>(intr)</i>
stariĝi;stand up
starigi tendon;pitch a tent
starlampo;standard lamp
starpunkto;standpoint, viewpoint
startigilo;starter
ŝtata;state
stato;state, condition
stebmaŝino;sewing machine
ŝteli;steal, thieve
stelo;star
stelo;star
stelulo;star (of film)
sterlingo;sterling
stevardo;steward (on ship, plane)
stomakacideco;indigestion
stomakdoloro;stomach-ache
stomako;stomach
ŝtono;stone
ŝtopilo;(<i>e.g.</i> bath) plug
ŝtormo;storm
strando;beach, shore
strato;street
strebi (al);strive (for)
strikta;tight, close-fitting | stringent
strukturo;structure
ŝtrumpo;stocking
studanto;student (one who is studying)
studento;(university) student
studi;study
studjaro;academic year
studobjekto;subject (of study)
stulta;dull, stupid, silly
stultaĵo;stupidity
ŝtupareto;step-ladder
ŝtuparo;staircase
ŝtupo;step
sub;under
subĉiela;open-air
subita;sudden
subpasejo;underpass
subskribi;sign
subskribi;sign
substantivo;noun, substantive
subtaso;saucer
subteni;support | second (a motion)
subteretaĝo;basement
subterfervojo;underground railway, metro
sudo;South
suferi;suffer
sufiĉa;sufficient, enough
sufikso;suffix
sufleo;soufflé
sufoki;suffocate, choke <i>(tr)</i>
sugesti;suggest
sukcesi;succeed
sukeraĵo;confectionery
sukero;sugar
sukerujo;sugar bowl
ŝultro;shoulder
sumo;sum
sunbruliĝo;sunburn
sunbruniĝa oleo.....;sun-tan oil
suno;sun
sunvitroj;sunglasses
ŝuo;shoe
super;on | above
supera;superior
superbazaro;supermarket
superpasejo;overpass
suplemento;supplement
supo;soup
supozi;suppose | presume
supren;up(wards)
sur;on, upon
surbendigi;record (on tape)
surprizi;surprise
surprizo;surprise
surprovi;try on
surtabligi (la servicon);lay the table
surteriĝi;land (<i>e.g.</i> plane)
ŝuti;pour out, tip over <i>(tr)</i>
ŝuti;pour out, tip out <i>(tr)</i>
ŝutro;(window) shutter
Svedio;Sweden
svelta;slim, slender
sveni;swoon, faint | disappear
svingi;wave, brandish | fling
svingi (la manon);wave
Svisio;Switzerland
Svislando;Switzerland
Sviso;Swiss (man)
t-ĉemizo;tee-shirt
T.E.J.O.;<i>Tutmonda Esperantista Junulara Organizo</i> = World Organisation of Young Esperantists
tabako;tobacco
tablo;table
tablojdo;tablet (aspirin <i>etc.</i>)
tabloteniso;table tennis
tabureto;stool
tagmanĝo;lunch
tagmezo;midday
tago;day
tajloro;tailor
tajpilo;typewriter
tajpisto;typist
taksi;estimate, value (at) | rate
taksio;taxi, cab
talento;talent
tamburo;drum
tamen;however, nevertheless
Tamizo;Thames
tapioko;tapioca
tapiŝeto;rug
tapiŝo;carpet
tarifo;tariff
tarifo;tariff
taso;cup
taŭgi;be fit for, be of use, serve, do
teamo;team
teatraĵo;play (in theatre)
teatro;theatre
teda;boring, tedious
teda;boring, tedious
tegmento;roof
teknika;technical
teknologio;technology
tekruĉo;teapot
telefonbudo;telephone box
telefoni;telephone
telefonisto;telephonist
telefonlibro;telephone directory
telefono;telephone
telegramo;telegram
teleraro;(set of) plates, dishes
telero;plate
telertuko;dishcloth
televidi;watch television
televidilo;television (the apparatus)
televidkanalo;television channel
televido;television (the medium)
temanĝo;tea (meal)
temperaturo;temperature
temperaturo;temperature
tempesto;storm, tempest
templo;temple | place of worship
tempo;time
tendo;tent
tendumi;camp
teniso;tennis
teo;tea
teraso;terrace
teretaĝo;ground floor
termometro;thermometer
termometro;thermometer
terni;sneeze
terplano;groundplan
terpomflokoj;(potato) crisps
terpomo;potato
terure;terribly
testudo;tortoise
tia;such, that kind of
tial;thus, therefore, so, for that reason
tiam;then, at that time
tie;there
tiel;in that manner
tien;to there
tien kaj reen;there and back
ties;than one's
tigro;tiger
timi;fear
tio;that
tiom (da);so much, so many
tipa;typical
tirani;bully
tiru!;"pull!"
tiu;that one, that
toasto;toast (bread)
tobogano;toboggan
tolaĵo;linen, lingerie
tolereble;tolerably
tomato;tomato
tombejo;cemetery, churchyard
tondi;shear, clip, cut (with scissors)
tordi;twist <i>(tr)</i>
tornistro;knapsack | satchel
torto;tart, pie, gateau
tosti;toast (drink to someone's health)
tra;through
traduki;translate
trafiklumoj;traffic lights
trafiko;traffic
trafikŝtopiĝo;traffic jam
tragedio;tragedy
trajno;train
trakeo;trachea, windpipe
trakonekti;connect, put through (a phone call)
tramo;tram
tramvojo;tramway
tranĉaĵo;slice
tranĉi;cut (with knife, <i>etc.</i>)
tranĉilo;knife
tranokti;spend the night, overnight
trans;across
transdoni;pass, hand over
transiri;pass through, go via
transvesti (sin).....;change (ones) clothing
trapasi;pass through
trefkruciĝo;intersection
trejni;coach, train
tri;three
triki;knit <i>(tr)</i>
trikita;knitted
trimestro;term
trinkaĵo;drink
trinkakvo;drinking water
trinki;drink
trinkmono;tip, gratuity
tripo;tripe | gut
trista;sad
tro;too, too much
troigi;exaggerate
trolebuso;trolleybus
trombono;trombone
troteti;jog, jog-trot
trotuaro;pavement, sidewalk
trovi;find
trovi;find
troviĝi;be found
trumpeto;trumpet
truto;trout
tualeto;toilette
tubo;tube, pipe | (gun) barrel
tuj;immediately
tuko;cloth
turisma servo;tourist service
turisto;tourist
turni;turn <i>(tr)</i>
turo;tower
tuso;cough
tute;completely, wholly
U.E.A.;<i>Universala Esperanto-Organizo</i> = World E-o Organisation
U.K.;<i>Universala Kongreso</i> = World Congress
ungo;nail | claw
ungvento;ointment, unguent
unidirekta;one way
universala;universal, world-wide
universala;universal | world
universitato;university
unu;one
unua;first
unuagrada;primary
unue;firstly
unulita ;single (room)
urbo;town, city
urbocentro;city centre
urbodomo;town hall
urino;urine
urso;bear
Urugvajo;Uruguay
usonano;(north) American
Usono;the United States, USA
utila;useful
uzi;use
vagadi;wander
vagonaro;train
vagono;(railway) coach, carriage
vak(ant)a;vacant
vaki;be vacant
validi;be valid
valizo;suitcase, grip
valo;valley
valo;valley
valuto;currency | foreign exchange
vango;cheek
vanilo;vanilla
varma;warm | hot
varo;commodity | (item of) wares, merchandise
Varsovio;Warsaw
vato;cotton wool, wadding | (<i>elec.</i>) Watt
vazlesivo;washing up liquid
vazo;container | vase | (item of) crockery
VD.;<i>Vicdelegito</i> = deputy Delegate
vegetalano;vegan
vegetarano;vegetarian
vekhorloĝo;alarm clock
veki;arouse, wake up <i>(tr)</i>
vekiĝi;wake up
velado;sailing
veliri;sail
vendaŭtomato;vending machine
vendi;sell <i>(tr)</i>
vendisto;salesperson
vendisto;salesperson
vendredo;Friday
Venezuelo;Venezuela
veni;come
venigi;bring, fetch, get, send for
venki;win (against), conquer | defeat
venonta;next, forthcoming
vento;wind
ventro;belly, tummy
ventŝirmilo;windbreak
verbo;verb
verda;green
verda koro;green heart (solid Esperantist)
verda stelo;green star (symbol of Esperanto)
verdeco;greenness (Esperanto matters)
vere;truly
verki;compose, write (essay, report, verse, play, <i>etc.</i>)
verki;compose, write (essay, report, verse, play, <i>etc.</i>)
vermuto;vermouth
vero;truth
verŝajna;probable, likely
verŝi;pour <i>(tr)</i> (liquids) | shed, scatter
vespermanĝo.....;dinner, evening meal
vespero;evening
vestaĵoj;clothing
vesti (sin);clothe, dress (oneself)
vestiblo;(entrance) hall, lobby
vestoŝranko;wardrobe
veterinaro;vet
vetero;weather
veterprognozo;weather forecast
veturi;go, travel (by vehicle) <i>(intr)</i>
veturigi;drive (a vehicle) | convey
veturilo;vehicle
veziko;bladder | bubble
vi;you
via;your, yours
viadukto;viaduct
viandisto;butcher (meat worker)
viandknelo;meatball
viando;meat
vicparencoj;step-relatives
vidanto;viewer
vidbendaparato;video recorder
videbleco;visibility
vidi;see
vidinda;worth watching/seeing
vidindaĵo;place of interest, sight
vidpunkto;viewpoint
vilaĝo;village
vinagro;vinegar
vinbero;grape
vino;wine
vintro;winter
vintro;winter
viola;violet
violonĉelo;cello
violono;violin
viro;man
viskio;whiskey
vitrino;(glass) show-case
vitro;glass (material) | (eye)glass
vivanta;living
vivo;life
vivo;life
vizaĝo;face
vizitadi;attend regularly
viziti;visit
vizito;visit
vizito;visit
voĉdoni;vote
voĉlegi;read aloud
voĉo;voice
voĉo;voice
vodko;vodka
vojaĝanto;traveller
vojaĝbileto;journey ticket
vojaĝĉeko;travellers cheque
vojaĝi;travel
vojerari;get lost, take wrong turning
vojkruciĝo;crossroad
vojo;way, road, route
vojo;way, road, route
vojolaborejo;roadworks
vojŝildo;road sign
volanludo;badminton
volapukaĵo;incomprehensible words, "all Greek to me".
volapuko;Volapük (predecessor, and competitor, to E-o)
volejbalo;volleyball
voli;want (to), be willing, choose (to)
volonte;willingly
vomi;vomit, throw up
vortaro;dictionary
vortfarado;word-building, word creation
vorto;word
vortprovizo;vocabulary
vortstoko;vocabulary
vosto;tail
vundo;wound
zebro;zebra
zebrostria pasejo;zebra crossing
zono;belt | zone
zoologio;zoology
zorgi;care for | be concerned over | be anxious about
